[
  {
    "id": 1,
    "name": "Dr. Mostafa soliman",
    "type": "Professor",
    "availability": {
      "Sunday": [{"start_time": "08:00", "end_time": "17:00"}],
      "Monday": [{"start_time": "08:00", "end_time": "17:00"}],
      "Wednesday": [{"start_time": "08:00", "end_time": "17:00"}],
      "Thursday": [{"start_time": "08:00", "end_time": "17:00"}]
    }
  },
  {
    "id": 2,
    "name": "Dr. Samir Ahmed",
    "type": "Professor",
    "availability": {
      "Sunday": [{"start_time": "08:00", "end_time": "17:00"}],
      "Monday": [{"start_time": "08:00", "end_time": "17:00"}],
      "Wednesday": [{"start_time": "08:00", "end_time": "17:00"}],
      "Thursday": [{"start_time": "08:00", "end_time": "17:00"}]
    }
  },
  {
    "id": 3,
    "name": "Dr. Ahmed Bayumi",
    "type": "Professor",
    "availability": {
      "Sunday": [{"start_time": "08:00", "end_time": "17:00"}],
      "Monday": [{"start_time": "08:00", "end_time": "17:00"}],
      "Wednesday": [{"start_time": "08:00", "end_time": "17:00"}],
      "Thursday": [{"start_time": "08:00", "end_time": "17:00"}]
    }
  },
  {
    "id": 4,
    "name": "Dr. Reda Basyuni",
    "type": "Professor",
    "availability": {
      "Sunday": [{"start_time": "08:00", "end_time": "17:00"}],
      "Monday": [{"start_time": "08:00", "end_time": "17:00"}],
      "Wednesday": [{"start_time": "08:00", "end_time": "17:00"}],
      "Thursday": [{"start_time": "08:00", "end_time": "17:00"}]
    }
  },
  {
    "id": 5,
    "name": "Dr. Mohamed Issa",
    "type": "Professor",
    "availability": {
      "Sunday": [{"start_time": "08:00", "end_time": "17:00"}],
      "Monday": [{"start_time": "08:00", "end_time": "17:00"}],
      "Wednesday": [{"start_time": "08:00", "end_time": "17:00"}],
      "Thursday": [{"start_time": "08:00", "end_time": "17:00"}]
    }
  },
  {
    "id": 6,
    "name": "Prof Marghany Hassan",
    "type": "Professor",
    "availability": {
      "Sunday": [{"start_time": "08:00", "end_time": "17:00"}],
      "Monday": [{"start_time": "08:00", "end_time": "17:00"}],
      "Wednesday": [{"start_time": "08:00", "end_time": "17:00"}],
      "Thursday": [{"start_time": "08:00", "end_time": "17:00"}]
    }
  },
  {
    "id": 7,
    "name": "Eng. Saeed Zalat",
    "type": "TA",
    "availability": {
      "Sunday": [{"start_time": "08:00", "end_time": "17:00"}],
      "Monday": [{"start_time": "08:00", "end_time": "17:00"}],
      "Wednesday": [{"start_time": "08:00", "end_time": "17:00"}],
      "Thursday": [{"start_time": "08:00", "end_time": "17:00"}]
    }
  },
  {
    "id": 8,
    "name": "Eng.Nada Ahmed",
    "type": "TA",
    "availability": {
      "Sunday": [{"start_time": "08:00", "end_time": "17:00"}],
      "Monday": [{"start_time": "08:00", "end_time": "17:00"}],
      "Wednesday": [{"start_time": "08:00", "end_time": "17:00"}],
      "Thursday": [{"start_time": "08:00", "end_time": "17:00"}]
    }
  },
  {
    "id": 9,
    "name": "Eng.Menna magdy",
    "type": "TA",
    "availability": {
      "Sunday": [{"start_time": "08:00", "end_time": "17:00"}],
      "Monday": [{"start_time": "08:00", "end_time": "17:00"}],
      "Wednesday": [{"start_time": "08:00", "end_time": "17:00"}],
      "Thursday": [{"start_time": "08:00", "end_time": "17:00"}]
    }
  },
  {
    "id": 10,
    "name": "Eng.Salma Waleed",
    "type": "TA",
    "availability": {
      "Sunday": [{"start_time": "08:00", "end_time": "17:00"}],
      "Monday": [{"start_time": "08:00", "end_time": "17:00"}],
      "Wednesday": [{"start_time": "08:00", "end_time": "17:00"}],
      "Thursday": [{"start_time": "08:00", "end_time": "17:00"}]
    }
  },
  {
    "id": 11,
    "name": "Eng. Yara Gaber ",
    "type": "TA",
    "availability": {
      "Sunday": [{"start_time": "08:00", "end_time": "17:00"}],
      "Monday": [{"start_time": "08:00", "end_time": "17:00"}],
      "Wednesday": [{"start_time": "08:00", "end_time": "17:00"}],
      "Thursday": [{"start_time": "08:00", "end_time": "17:00"}]
    }
  },
  {
    "id": 12,
    "name": "Eng. Salma Alashry",
    "type": "TA",
    "availability": {
      "Sunday": [{"start_time": "08:00", "end_time": "17:00"}],
      "Monday": [{"start_time": "08:00", "end_time": "17:00"}],
      "Wednesday": [{"start_time": "08:00", "end_time": "17:00"}],
      "Thursday": [{"start_time": "08:00", "end_time": "17:00"}]
    }
  },
  {
    "id": 13,
    "name": "Eng. Alaa Essam ",
    "type": "TA",
    "availability": {
      "Sunday": [{"start_time": "08:00", "end_time": "17:00"}],
      "Monday": [{"start_time": "08:00", "end_time": "17:00"}],
      "Wednesday": [{"start_time": "08:00", "end_time": "17:00"}],
      "Thursday": [{"start_time": "08:00", "end_time": "17:00"}]
    }
  },
  {
    "id": 14,
    "name": "Eng:MennaAllah Mahmoud",
    "type": "TA",
    "availability": {
      "Sunday": [{"start_time": "08:00", "end_time": "17:00"}],
      "Monday": [{"start_time": "08:00", "end_time": "17:00"}],
      "Wednesday": [{"start_time": "08:00", "end_time": "17:00"}],
      "Thursday": [{"start_time": "08:00", "end_time": "17:00"}]
    }
  },
  {
    "id": 15,
    "name": "Eng:Maria",
    "type": "TA",
    "availability": {
      "Sunday": [{"start_time": "08:00", "end_time": "17:00"}],
      "Monday": [{"start_time": "08:00", "end_time": "17:00"}],
      "Wednesday": [{"start_time": "08:00", "end_time": "17:00"}],
      "Thursday": [{"start_time": "08:00", "end_time": "17:00"}]
    }
  },
  {
    "id": 16,
    "name": "Eng. Mariam Ismail",
    "type": "TA",
    "availability": {
      "Sunday": [{"start_time": "08:00", "end_time": "17:00"}],
      "Monday": [{"start_time": "08:00", "end_time": "17:00"}],
      "Wednesday": [{"start_time": "08:00", "end_time": "17:00"}],
      "Thursday": [{"start_time": "08:00", "end_time": "17:00"}]
    }
  },
  {
    "id": 17,
    "name": "Eng.Nada Hamdy",
    "type": "TA",
    "availability": {
      "Sunday": [{"start_time": "08:00", "end_time": "17:00"}],
      "Monday": [{"start_time": "08:00", "end_time": "17:00"}],
      "Wednesday": [{"start_time": "08:00", "end_time": "17:00"}],
      "Thursday": [{"start_time": "08:00", "end_time": "17:00"}]
    }
  },
  {
    "id": 18,
    "name": "Eng. Biology",
    "type": "TA",
    "availability": {
      "Sunday": [{"start_time": "08:00", "end_time": "17:00"}],
      "Monday": [{"start_time": "08:00", "end_time": "17:00"}],
      "Wednesday": [{"start_time": "08:00", "end_time": "17:00"}],
      "Thursday": [{"start_time": "08:00", "end_time": "17:00"}]
    }
  },
  {
    "id": 19,
    "name": "Prof.Biology",
    "type": "Professor",
    "availability": {
      "Sunday": [{"start_time": "08:00", "end_time": "17:00"}],
      "Monday": [{"start_time": "08:00", "end_time": "17:00"}],
      "Wednesday": [{"start_time": "08:00", "end_time": "17:00"}],
      "Thursday": [{"start_time": "08:00", "end_time": "17:00"}]
    }
  },
  {
    "id": 20,
    "name": "Eng.Zahwa",
    "type": "TA",
    "availability": {
      "Sunday": [{"start_time": "08:00", "end_time": "17:00"}],
      "Monday": [{"start_time": "08:00", "end_time": "17:00"}],
      "Wednesday": [{"start_time": "08:00", "end_time": "17:00"}],
      "Thursday": [{"start_time": "08:00", "end_time": "17:00"}]
    }
  },
  {
    "id": 21,
    "name": "Eng: Fatma Elsayed",
    "type": "TA",
    "availability": {
      "Sunday": [{"start_time": "08:00", "end_time": "17:00"}],
      "Monday": [{"start_time": "08:00", "end_time": "17:00"}],
      "Wednesday": [{"start_time": "08:00", "end_time": "17:00"}],
      "Thursday": [{"start_time": "08:00", "end_time": "17:00"}]
    }
  }
]