[
  {
    "id": 1,
    "number": "Yellow Hall",
    "capacity": 50,
    "room_type": "classroom"
  },
  {
    "id": 2,
    "number": "LAB COE G09",
    "capacity": 50,
    "room_type": "computer_lab"
  },
  {
    "id": 3,
    "number": "B7 F1.21",
    "capacity": 50,
    "room_type": "classroom"
  },
  {
    "id": 4,
    "number": "Green Hall",
    "capacity": 50,
    "room_type": "classroom"
  },
  {
    "id": 5,
    "number": "COE F1.03",
    "capacity": 50,
    "room_type": "classroom"
  },
  {
    "id": 6,
    "number": "LAB COE F2.16",
    "capacity": 50,
    "room_type": "computer_lab"
  },
  {
    "id": 7,
    "number": "LAB COE F2.17",
    "capacity": 50,
    "room_type": "computer_lab"
  },
  {
    "id": 8,
    "number": "B18 G14",
    "capacity": 50,
    "room_type": "computer_lab"
  },
  {
    "id": 9,
    "number": "B10 F1.10",
    "capacity": 50,
    "room_type": "classroom"
  },
  {
    "id": 10,
    "number": "B10 F1.18",
    "capacity": 50,
    "room_type": "classroom"
  },
  {
    "id": 11,
    "number": "B18 G2",
    "capacity": 50,
    "room_type": "classroom"
  },
  {
    "id": 12,
    "number": "B18 G05",
    "capacity": 50,
    "room_type": "computer_lab"
  },
  {
    "id": 13,
    "number": "Theater B10",
    "capacity": 50,
    "room_type": "classroom"
  },
  {
    "id": 14,
    "number": "B8 F1.06",
    "capacity": 50,
    "room_type": "classroom"
  },
  {
    "id": 15,
    "number": "B10 F1.11",
    "capacity": 50,
    "room_type": "classroom"
  },
  {
    "id": 16,
    "number": "B18 G01",
    "capacity": 50,
    "room_type": "computer_lab"
  }
]