[
  {
    "id": 1,
    "code": "AID411",
    "name": "AID 411 BIG Data Analytics & Visualization (LEC)",
    "required_room_type": "classroom",
    "allowed_instructors": [2],
    "session_type": "Lecture",
    "duration": 1.5
  },
  {
    "id": 2,
    "code": "AID411-TUT",
    "name": "AID 411 BIG Data Analytics & Visualization (TUT)",
    "required_room_type": "classroom",
    "allowed_instructors": [12, 5],
    "session_type": "Tutorial",
    "duration": 0.75
  },
  {
    "id": 3,
    "code": "AID411-LAB",
    "name": "AID 411 BIG Data Analytics & Visualization (LAB)",
    "required_room_type": "computer_lab",
    "allowed_instructors": [11, 5],
    "session_type": "Lab",
    "duration": 1.5
  },
  {
    "id": 4,
    "code": "AID428",
    "name": "AID 428 New Trends in AI (LEC)",
    "required_room_type": "classroom",
    "allowed_instructors": [1],
    "session_type": "Lecture",
    "duration": 1.5
  },
  {
    "id": 5,
    "code": "AID428-TUT",
    "name": "AID 428 New Trends in AI (TUT)",
    "required_room_type": "classroom",
    "allowed_instructors": [9, 7],
    "session_type": "Tutorial",
    "duration": 0.75
  },
  {
    "id": 6,
    "code": "AID428-LAB",
    "name": "AID 428 New Trends in AI (LAB)",
    "required_room_type": "computer_lab",
    "allowed_instructors": [7, 6],
    "session_type": "Lab",
    "duration": 1.5
  },
  {
    "id": 7,
    "code": "AID427",
    "name": "AID 427 New Trends in Data Science (LEC)",
    "required_room_type": "classroom",
    "allowed_instructors": [3],
    "session_type": "Lecture",
    "duration": 1.5
  },
  {
    "id": 8,
    "code": "AID427-TUT",
    "name": "AID 427 New Trends in Data Science (TUT)",
    "required_room_type": "classroom",
    "allowed_instructors": [8, 12],
    "session_type": "Tutorial",
    "duration": 0.75
  },
  {
    "id": 9,
    "code": "AID427-LAB",
    "name": "AID 427 New Trends in Data Science (LAB)",
    "required_room_type": "computer_lab",
    "allowed_instructors": [8, 12],
    "session_type": "Lab",
    "duration": 1.5
  },
  {
    "id": 10,
    "code": "AID413",
    "name": "AID 413 Data Security (LEC)",
    "required_room_type": "classroom",
    "allowed_instructors": [4],
    "session_type": "Lecture",
    "duration": 1.5
  },
  {
    "id": 11,
    "code": "AID413-TUT",
    "name": "AID 413 Data Security (TUT)",
    "required_room_type": "classroom",
    "allowed_instructors": [10, 6, 11],
    "session_type": "Tutorial",
    "duration": 0.75
  },
  {
    "id": 12,
    "code": "AID413-LAB",
    "name": "AID 413 Data Security (LAB)",
    "required_room_type": "computer_lab",
    "allowed_instructors": [11, 10],
    "session_type": "Lab",
    "duration": 1.5
  },
  {
    "id": 13,
    "code": "AID321",
    "name": "AID 321 Machine Learning (LEC)",
    "required_room_type": "classroom",
    "allowed_instructors": [2],
    "session_type": "Lecture",
    "duration": 1.5
  },
  {
    "id": 14,
    "code": "AID321-TUT",
    "name": "AID 321 Machine Learning (TUT)",
    "required_room_type": "classroom",
    "allowed_instructors": [13, 9],
    "session_type": "Tutorial",
    "duration": 0.75
  },
  {
    "id": 15,
    "code": "AID321-LAB",
    "name": "AID 321 Machine Learning (LAB)",
    "required_room_type": "computer_lab",
    "allowed_instructors": [13, 9],
    "session_type": "Lab",
    "duration": 1.5
  }
]

