[
  {
    "id": 1,
    "major": "Computer Science",
    "year": 4,
    "specialization": "ARITFITIAL INTELLIGENCE",
    "group_name": "AID1",
    "section": "1",
    "size": 25,
    "course_ids": [ 1, 2, 3, 4, 5, 6, 7, 8, 9, 10, 11, 12, 13, 14, 15 ]
  },
  {
    "id": 2,
    "major": "Computer Science",
    "year": 4,
    "specialization": "ARITFITIAL INTELLIGENCE",
    "group_name": "AID1",
    "section": "2",
    "size": 25,
    "course_ids": [ 1, 2, 3, 4, 5, 6, 7, 8, 9, 10, 11, 12, 13, 14, 15 ]
  },
  {
    "id": 3,
    "major": "Computer Science",
    "year": 4,
    "specialization": "ARITFITIAL INTELLIGENCE",
    "group_name": "AID1",
    "section": "3",
    "size": 25,
    "course_ids": [ 1, 2, 3, 4, 5, 6, 7, 8, 9, 10, 11, 12, 13, 14, 15 ]
  },
  {
    "id": 4,
    "major": "Computer Science",
    "year": 4,
    "specialization": "ARITFITIAL INTELLIGENCE",
    "group_name": "AID2",
    "section": "4",
    "size": 25,
    "course_ids": [ 1, 2, 3, 4, 5, 6, 7, 8, 9, 10, 11, 12, 13, 14, 15 ]
  },
  {
    "id": 5,
    "major": "Computer Science",
    "year": 4,
    "specialization": "ARITFITIAL INTELLIGENCE",
    "group_name": "AID2",
    "section": "5",
    "size": 25,
    "course_ids": [ 1, 2, 3, 4, 5, 6, 7, 8, 9, 10, 11, 12, 13, 14, 15 ]
  }
]