[
  {
    "id": 1,
    "name": "Dr. Ahmed Bayoumi",
    "type": "Professor",
    "availability": {
      "Tuesday": [{"start_time": "09:00", "end_time": "12:30"}]
    }
  },
  {
    "id": 2,
    "name": "Dr. Marghany Hassan",
    "type": "Professor",
    "availability": {
      "Tuesday": [{"start_time": "12:30", "end_time": "15:45"}],
      "Thursday": [{"start_time": "12:30", "end_time": "15:45"}]
    }
  },
  {
    "id": 3,
    "name": "Dr. Ahmed Arafa",
    "type": "Professor",
    "availability": {
      "Tuesday": [{"start_time": "12:30", "end_time": "15:45"}]
    }
  },
  {
    "id": 4,
    "name": "Dr. Samir",
    "type": "Professor",
    "availability": {
      "Wednesday": [{"start_time": "10:45", "end_time": "14:00"}]
    }
  },
  {
    "id": 5,
    "name": "Eng. Alaa Essam",
    "type": "TA",
    "availability": {
      "Sunday": [{"start_time": "09:00", "end_time": "15:45"}]
    }
  },
  {
    "id": 6,
    "name": "Eng: Fatma Elsayed",
    "type": "TA",
    "availability": {
      "Sunday": [{"start_time": "09:00", "end_time": "12:15"}]
    }
  },
  {
    "id": 7,
    "name": "Eng.Menna Magdy",
    "type": "TA",
    "availability": {
      "Sunday": [{"start_time": "09:00", "end_time": "14:00"}],
      "Wednesday": [{"start_time": "13:15", "end_time": "15:45"}],
      "Thursday": [{"start_time": "10:45", "end_time": "12:15"}]
    }
  },
  {
    "id": 8,
    "name": "Eng. Yara Gaber",
    "type": "TA",
    "availability": {
      "Sunday": [{"start_time": "12:30", "end_time": "15:00"}],
      "Tuesday": [{"start_time": "09:00", "end_time": "15:45"}]
    }
  },
  {
    "id": 9,
    "name": "Eng. Salma Alashry",
    "type": "TA",
    "availability": {
      "Sunday": [{"start_time": "14:15", "end_time": "15:45"}],
      "Wednesday": [{"start_time": "09:00", "end_time": "15:45"}],
      "Thursday": [{"start_time": "09:00", "end_time": "15:45"}]
    }
  },
  {
    "id": 10,
    "name": "Eng.Mariam Rashad",
    "type": "TA",
    "availability": {
      "Sunday": [{"start_time": "10:45", "end_time": "12:15"}],
      "Tuesday": [{"start_time": "09:00", "end_time": "12:15"}],
      "Thursday": [{"start_time": "09:00", "end_time": "15:45"}]
    }
  },
  {
    "id": 11,
    "name": "Eng.Rana Mohamed",
    "type": "TA",
    "availability": {
      "Tuesday": [{"start_time": "09:00", "end_time": "12:15"}],
      "Thursday": [{"start_time": "09:00", "end_time": "15:45"}]
    }
  },
  {
    "id": 12,
    "name": "Eng. Zahwa Khaled",
    "type": "TA",
    "availability": {
      "Sunday": [{"start_time": "10:45", "end_time": "15:45"}],
      "Wednesday": [{"start_time": "09:00", "end_time": "12:15"}]
    }
  },
  {
    "id": 13,
    "name": "Eng. Hend Adel",
    "type": "TA",
    "availability": {
      "Wednesday": [{"start_time": "09:00", "end_time": "15:45"}],
      "Thursday": [{"start_time": "09:00", "end_time": "15:45"}]
    }
  }
]